HDR,ROLLING SYSTEM DEMAND,
VD,20210901000000.00,22640
VD,20210901000500.00,22558
VD,20210901001000.00,22443
VD,20210901001500.00,22466
VD,20210901002000.00,22413
VD,20210901002500.00,22278
VD,20210901003000.00,22189
VD,20210901003500.00,22282
VD,20210901004000.00,22267
VD,20210901004500.00,22242
VD,20210901005000.00,22209
VD,20210901005500.00,22095
VD,20210901010000.00,22017
VD,20210901010500.00,22006
VD,20210901011000.00,21939
VD,20210901011500.00,21900
VD,20210901012000.00,21931
VD,20210901012500.00,21888
VD,20210901013000.00,21838
VD,20210901013500.00,21810
VD,20210901014000.00,21788
VD,20210901014500.00,21768
VD,20210901015000.00,21661
VD,20210901015500.00,21576
VD,20210901020000.00,21574
VD,20210901020500.00,21618
VD,20210901021000.00,21622
VD,20210901021500.00,21589
VD,20210901022000.00,21583
VD,20210901022500.00,21509
VD,20210901023000.00,21525
VD,20210901023500.00,21530
VD,20210901024000.00,21512
VD,20210901024500.00,21530
VD,20210901025000.00,21550
VD,20210901025500.00,21619
VD,20210901030000.00,21646
VD,20210901030500.00,21680
VD,20210901031000.00,21689
VD,20210901031500.00,21628
VD,20210901032000.00,21573
VD,20210901032500.00,21640
VD,20210901033000.00,21647
VD,20210901033500.00,21468
VD,20210901034000.00,21514
VD,20210901034500.00,21586
VD,20210901035000.00,21640
VD,20210901035500.00,21707
VD,20210901040000.00,21880
VD,20210901040500.00,22057
VD,20210901041000.00,22266
VD,20210901041500.00,22343
VD,20210901042000.00,22446
VD,20210901042500.00,22367
VD,20210901043000.00,22482
VD,20210901043500.00,22685
VD,20210901044000.00,22787
VD,20210901044500.00,22820
VD,20210901045000.00,22935
VD,20210901045500.00,23035
VD,20210901050000.00,23019
VD,20210901050500.00,23022
VD,20210901051000.00,23038
VD,20210901051500.00,23135
VD,20210901052000.00,23344
VD,20210901052500.00,23635
VD,20210901053000.00,23877
VD,20210901053500.00,24278
VD,20210901054000.00,24529
VD,20210901054500.00,24970
VD,20210901055000.00,25308
VD,20210901055500.00,25698
VD,20210901060000.00,26120
VD,20210901060500.00,26695
VD,20210901061000.00,27288
VD,20210901061500.00,27672
VD,20210901062000.00,27946
VD,20210901062500.00,28257
VD,20210901063000.00,28472
VD,20210901063500.00,28766
VD,20210901064000.00,29108
VD,20210901064500.00,29394
VD,20210901065000.00,29564
VD,20210901065500.00,29760
VD,20210901070000.00,30042
VD,20210901070500.00,30452
VD,20210901071000.00,30837
VD,20210901071500.00,31026
VD,20210901072000.00,31171
VD,20210901072500.00,31303
VD,20210901073000.00,31437
VD,20210901073500.00,31406
VD,20210901074000.00,31469
VD,20210901074500.00,31588
VD,20210901075000.00,31659
VD,20210901075500.00,31653
VD,20210901080000.00,31716
VD,20210901080500.00,31802
VD,20210901081000.00,31943
VD,20210901081500.00,31911
VD,20210901082000.00,31908
VD,20210901082500.00,31843
VD,20210901083000.00,31814
VD,20210901083500.00,31810
VD,20210901084000.00,31615
VD,20210901084500.00,31580
VD,20210901085000.00,31634
VD,20210901085500.00,31731
VD,20210901090000.00,31699
VD,20210901090500.00,31648
VD,20210901091000.00,31444
VD,20210901091500.00,31364
VD,20210901092000.00,31598
VD,20210901092500.00,31739
VD,20210901093000.00,31709
VD,20210901093500.00,31553
VD,20210901094000.00,31537
VD,20210901094500.00,31462
VD,20210901095000.00,31461
VD,20210901095500.00,31488
VD,20210901100000.00,31417
VD,20210901100500.00,31523
VD,20210901101000.00,31527
VD,20210901101500.00,31584
VD,20210901102000.00,31605
VD,20210901102500.00,31554
VD,20210901103000.00,31590
VD,20210901103500.00,31397
VD,20210901104000.00,31344
VD,20210901104500.00,31327
VD,20210901105000.00,31427
VD,20210901105500.00,31398
VD,20210901110000.00,31538
VD,20210901110500.00,31469
VD,20210901111000.00,31511
VD,20210901111500.00,31475
VD,20210901112000.00,31511
VD,20210901112500.00,31519
VD,20210901113000.00,31554
VD,20210901113500.00,31695
VD,20210901114000.00,31695
VD,20210901114500.00,31741
VD,20210901115000.00,31740
VD,20210901115500.00,31649
VD,20210901120000.00,31632
VD,20210901120500.00,31637
VD,20210901121000.00,31693
VD,20210901121500.00,31712
VD,20210901122000.00,31685
VD,20210901122500.00,31688
VD,20210901123000.00,31616
VD,20210901123500.00,31641
VD,20210901124000.00,31608
VD,20210901124500.00,31560
VD,20210901125000.00,31479
VD,20210901125500.00,31420
VD,20210901130000.00,31390
VD,20210901130500.00,31382
VD,20210901131000.00,31384
VD,20210901131500.00,31417
VD,20210901132000.00,31488
VD,20210901132500.00,31423
VD,20210901133000.00,31332
VD,20210901133500.00,31421
VD,20210901134000.00,31511
VD,20210901134500.00,31528
VD,20210901135000.00,31589
VD,20210901135500.00,31556
VD,20210901140000.00,31530
VD,20210901140500.00,31385
VD,20210901141000.00,31480
VD,20210901141500.00,31440
VD,20210901142000.00,31534
VD,20210901142500.00,31616
VD,20210901143000.00,31531
VD,20210901143500.00,31490
VD,20210901144000.00,31462
VD,20210901144500.00,31476
VD,20210901145000.00,31524
VD,20210901145500.00,31554
VD,20210901150000.00,31452
VD,20210901150500.00,31289
VD,20210901151000.00,31242
VD,20210901151500.00,31262
VD,20210901152000.00,31349
VD,20210901152500.00,31514
VD,20210901153000.00,31663
VD,20210901153500.00,31837
VD,20210901154000.00,31922
VD,20210901154500.00,31995
VD,20210901155000.00,32146
VD,20210901155500.00,32288
VD,20210901160000.00,32448
VD,20210901160500.00,32734
VD,20210901161000.00,32714
VD,20210901161500.00,32700
VD,20210901162000.00,32784
VD,20210901162500.00,32841
VD,20210901163000.00,32861
VD,20210901163500.00,32862
VD,20210901164000.00,32898
VD,20210901164500.00,32969
VD,20210901165000.00,33052
VD,20210901165500.00,32958
VD,20210901170000.00,33041
VD,20210901170500.00,33129
VD,20210901171000.00,32983
VD,20210901171500.00,33022
VD,20210901172000.00,33109
VD,20210901172500.00,33151
VD,20210901173000.00,33130
VD,20210901173500.00,33202
VD,20210901174000.00,33174
VD,20210901174500.00,33205
VD,20210901175000.00,33148
VD,20210901175500.00,33102
VD,20210901180000.00,33087
VD,20210901180500.00,33178
VD,20210901181000.00,33187
VD,20210901181500.00,33361
VD,20210901182000.00,33382
VD,20210901182500.00,33270
VD,20210901183000.00,33260
VD,20210901183500.00,33343
VD,20210901184000.00,33336
VD,20210901184500.00,33334
VD,20210901185000.00,33277
VD,20210901185500.00,33090
VD,20210901190000.00,33092
VD,20210901190500.00,33232
VD,20210901191000.00,33248
VD,20210901191500.00,33289
VD,20210901192000.00,33223
VD,20210901192500.00,33209
VD,20210901193000.00,33193
VD,20210901193500.00,33219
VD,20210901194000.00,33084
VD,20210901194500.00,32926
VD,20210901195000.00,32753
VD,20210901195500.00,32465
VD,20210901200000.00,32237
VD,20210901200500.00,32326
VD,20210901201000.00,32167
VD,20210901201500.00,31894
VD,20210901202000.00,31718
VD,20210901202500.00,31465
VD,20210901203000.00,31217
VD,20210901203500.00,31004
VD,20210901204000.00,30723
VD,20210901204500.00,30493
VD,20210901205000.00,30266
VD,20210901205500.00,29887
VD,20210901210000.00,29629
VD,20210901210500.00,29486
VD,20210901211000.00,29313
VD,20210901211500.00,29096
VD,20210901212000.00,28884
VD,20210901212500.00,28751
VD,20210901213000.00,28551
VD,20210901213500.00,28423
VD,20210901214000.00,27850
VD,20210901214500.00,27531
VD,20210901215000.00,27278
VD,20210901215500.00,27131
VD,20210901220000.00,27049
VD,20210901220500.00,26904
VD,20210901221000.00,26462
VD,20210901221500.00,26141
VD,20210901222000.00,26020
VD,20210901222500.00,25726
VD,20210901223000.00,25514
VD,20210901223500.00,25240
VD,20210901224000.00,25111
VD,20210901224500.00,24853
VD,20210901225000.00,24577
VD,20210901225500.00,24344
VD,20210901230000.00,24193
VD,20210901230500.00,23892
VD,20210901231000.00,23651
VD,20210901231500.00,23631
VD,20210901232000.00,23533
VD,20210901232500.00,23434
VD,20210901233000.00,23302
VD,20210901233500.00,23201
VD,20210901234000.00,23153
VD,20210901234500.00,23062
VD,20210901235000.00,23049
VD,20210901235500.00,22888
VD,20210902000000.00,22795
VD,20210902000500.00,22643
VD,20210902001000.00,22515
VD,20210902001500.00,22479
VD,20210902002000.00,22392
VD,20210902002500.00,22282
VD,20210902003000.00,22231
VD,20210902003500.00,22387
VD,20210902004000.00,22391
VD,20210902004500.00,22271
VD,20210902005000.00,22369
VD,20210902005500.00,22474
VD,20210902010000.00,22418
VD,20210902010500.00,22365
VD,20210902011000.00,22325
VD,20210902011500.00,22343
VD,20210902012000.00,22349
VD,20210902012500.00,22273
VD,20210902013000.00,22246
VD,20210902013500.00,22190
VD,20210902014000.00,22220
VD,20210902014500.00,22157
VD,20210902015000.00,22004
VD,20210902015500.00,21906
VD,20210902020000.00,21926
VD,20210902020500.00,21988
VD,20210902021000.00,21984
VD,20210902021500.00,21928
VD,20210902022000.00,21913
VD,20210902022500.00,21841
VD,20210902023000.00,21763
VD,20210902023500.00,21754
VD,20210902024000.00,21743
VD,20210902024500.00,21728
VD,20210902025000.00,21717
VD,20210902025500.00,21770
VD,20210902030000.00,21774
VD,20210902030500.00,21723
VD,20210902031000.00,21810
VD,20210902031500.00,22001
VD,20210902032000.00,22029
VD,20210902032500.00,22050
VD,20210902033000.00,22054
VD,20210902033500.00,21925
VD,20210902034000.00,21946
VD,20210902034500.00,22108
VD,20210902035000.00,22194
VD,20210902035500.00,22189
VD,20210902040000.00,22225
VD,20210902040500.00,21991
VD,20210902041000.00,21908
VD,20210902041500.00,22183
VD,20210902042000.00,22259
VD,20210902042500.00,22347
VD,20210902043000.00,22442
VD,20210902043500.00,22638
VD,20210902044000.00,22891
VD,20210902044500.00,23087
VD,20210902045000.00,23284
VD,20210902045500.00,23516
VD,20210902050000.00,23444
VD,20210902050500.00,23786
VD,20210902051000.00,24023
VD,20210902051500.00,24201
VD,20210902052000.00,24406
VD,20210902052500.00,24737
VD,20210902053000.00,24905
VD,20210902053500.00,25283
VD,20210902054000.00,25651
VD,20210902054500.00,25957
VD,20210902055000.00,26252
VD,20210902055500.00,26664
VD,20210902060000.00,26985
VD,20210902060500.00,27616
VD,20210902061000.00,28374
VD,20210902061500.00,28873
VD,20210902062000.00,29290
VD,20210902062500.00,29614
VD,20210902063000.00,29693
VD,20210902063500.00,29696
VD,20210902064000.00,29769
VD,20210902064500.00,29910
VD,20210902065000.00,30075
VD,20210902065500.00,30304
VD,20210902070000.00,30607
VD,20210902070500.00,31065
VD,20210902071000.00,31310
VD,20210902071500.00,31542
VD,20210902072000.00,31677
VD,20210902072500.00,31737
VD,20210902073000.00,31716
VD,20210902073500.00,31864
VD,20210902074000.00,31948
VD,20210902074500.00,31958
VD,20210902075000.00,31911
VD,20210902075500.00,32029
VD,20210902080000.00,32196
VD,20210902080500.00,32418
VD,20210902081000.00,32432
VD,20210902081500.00,32478
VD,20210902082000.00,32474
VD,20210902082500.00,32405
VD,20210902083000.00,32397
VD,20210902083500.00,32388
VD,20210902084000.00,32398
VD,20210902084500.00,32400
VD,20210902085000.00,32387
VD,20210902085500.00,32459
VD,20210902090000.00,31989
VD,20210902090500.00,32238
VD,20210902091000.00,32422
VD,20210902091500.00,32523
VD,20210902092000.00,32486
VD,20210902092500.00,32538
VD,20210902093000.00,32542
VD,20210902093500.00,32592
VD,20210902094000.00,32593
VD,20210902094500.00,32730
VD,20210902095000.00,32795
VD,20210902095500.00,32835
VD,20210902100000.00,32946
VD,20210902100500.00,32801
VD,20210902101000.00,31699
VD,20210902101500.00,31588
VD,20210902102000.00,31431
VD,20210902102500.00,31347
VD,20210902103000.00,31192
VD,20210902103500.00,31123
VD,20210902104000.00,31067
VD,20210902104500.00,31032
VD,20210902105000.00,31010
VD,20210902105500.00,31027
VD,20210902110000.00,31028
VD,20210902110500.00,31145
VD,20210902111000.00,31380
VD,20210902111500.00,31606
VD,20210902112000.00,31674
VD,20210902112500.00,31752
VD,20210902113000.00,31769
VD,20210902113500.00,31808
VD,20210902114000.00,31897
VD,20210902114500.00,31977
VD,20210902115000.00,32068
VD,20210902115500.00,32118
VD,20210902120000.00,32202
VD,20210902120500.00,32228
VD,20210902121000.00,32022
VD,20210902121500.00,31883
VD,20210902122000.00,31816
VD,20210902122500.00,31702
VD,20210902123000.00,31496
VD,20210902123500.00,31304
VD,20210902124000.00,31219
VD,20210902124500.00,31182
VD,20210902125000.00,31077
VD,20210902125500.00,31019
VD,20210902130000.00,31017
VD,20210902130500.00,31158
VD,20210902131000.00,31126
VD,20210902131500.00,31046
VD,20210902132000.00,30971
VD,20210902132500.00,30870
VD,20210902133000.00,30776
VD,20210902133500.00,30746
VD,20210902134000.00,30752
VD,20210902134500.00,30764
VD,20210902135000.00,30857
VD,20210902135500.00,30978
VD,20210902140000.00,30983
VD,20210902140500.00,30936
VD,20210902141000.00,30925
VD,20210902141500.00,30989
VD,20210902142000.00,30934
VD,20210902142500.00,30918
VD,20210902143000.00,30930
VD,20210902143500.00,30897
VD,20210902144000.00,30958
VD,20210902144500.00,31139
VD,20210902145000.00,31228
VD,20210902145500.00,31198
VD,20210902150000.00,31260
VD,20210902150500.00,31254
VD,20210902151000.00,31285
VD,20210902151500.00,31346
VD,20210902152000.00,31529
VD,20210902152500.00,31609
VD,20210902153000.00,31664
VD,20210902153500.00,31812
VD,20210902154000.00,31960
VD,20210902154500.00,32090
VD,20210902155000.00,32212
VD,20210902155500.00,32258
VD,20210902160000.00,32244
VD,20210902160500.00,32205
VD,20210902161000.00,32064
VD,20210902161500.00,32026
VD,20210902162000.00,32344
VD,20210902162500.00,32575
VD,20210902163000.00,32771
VD,20210902163500.00,32932
VD,20210902164000.00,33010
VD,20210902164500.00,33042
VD,20210902165000.00,33125
VD,20210902165500.00,33025
VD,20210902170000.00,32932
VD,20210902170500.00,32922
VD,20210902171000.00,32833
VD,20210902171500.00,32858
VD,20210902172000.00,32983
VD,20210902172500.00,32923
VD,20210902173000.00,32860
VD,20210902173500.00,32927
VD,20210902174000.00,32905
VD,20210902174500.00,32942
VD,20210902175000.00,32903
VD,20210902175500.00,32788
VD,20210902180000.00,32716
VD,20210902180500.00,32667
VD,20210902181000.00,32670
VD,20210902181500.00,32676
VD,20210902182000.00,32674
VD,20210902182500.00,32682
VD,20210902183000.00,32670
VD,20210902183500.00,32698
VD,20210902184000.00,32760
VD,20210902184500.00,32832
VD,20210902185000.00,32877
VD,20210902185500.00,32878
VD,20210902190000.00,32930
VD,20210902190500.00,33050
VD,20210902191000.00,33090
VD,20210902191500.00,33163
VD,20210902192000.00,33124
VD,20210902192500.00,33043
VD,20210902193000.00,32896
VD,20210902193500.00,32900
VD,20210902194000.00,32900
VD,20210902194500.00,32658
VD,20210902195000.00,32522
VD,20210902195500.00,32433
VD,20210902200000.00,32232
VD,20210902200500.00,32051
VD,20210902201000.00,31877
VD,20210902201500.00,31731
VD,20210902202000.00,31492
VD,20210902202500.00,31280
VD,20210902203000.00,31083
VD,20210902203500.00,31113
VD,20210902204000.00,31059
VD,20210902204500.00,30693
VD,20210902205000.00,30476
VD,20210902205500.00,30203
VD,20210902210000.00,29980
VD,20210902210500.00,30009
VD,20210902211000.00,29800
VD,20210902211500.00,29681
VD,20210902212000.00,29446
VD,20210902212500.00,29363
VD,20210902213000.00,29146
VD,20210902213500.00,28868
VD,20210902214000.00,28396
VD,20210902214500.00,28084
VD,20210902215000.00,27924
VD,20210902215500.00,27760
VD,20210902220000.00,27553
VD,20210902220500.00,27577
VD,20210902221000.00,27408
VD,20210902221500.00,27262
VD,20210902222000.00,26994
VD,20210902222500.00,26838
VD,20210902223000.00,26620
VD,20210902223500.00,26314
VD,20210902224000.00,25979
VD,20210902224500.00,25770
VD,20210902225000.00,25542
VD,20210902225500.00,25254
VD,20210902230000.00,25111
VD,20210902230500.00,24731
VD,20210902231000.00,24631
VD,20210902231500.00,24577
VD,20210902232000.00,24600
VD,20210902232500.00,24531
VD,20210902233000.00,24451
VD,20210902233500.00,24482
VD,20210902234000.00,24322
VD,20210902234500.00,24158
VD,20210902235000.00,24032
VD,20210902235500.00,23942
VD,20210903000000.00,24008
VD,20210903000500.00,24177
VD,20210903001000.00,24216
VD,20210903001500.00,23985
VD,20210903002000.00,23868
VD,20210903002500.00,23809
VD,20210903003000.00,23759
VD,20210903003500.00,23735
VD,20210903004000.00,23658
VD,20210903004500.00,23716
VD,20210903005000.00,23679
VD,20210903005500.00,23621
VD,20210903010000.00,23560
VD,20210903010500.00,23384
VD,20210903011000.00,23226
VD,20210903011500.00,23143
VD,20210903012000.00,23121
VD,20210903012500.00,23126
VD,20210903013000.00,21890
VD,20210903013500.00,21860
VD,20210903014000.00,22970
VD,20210903014500.00,22896
VD,20210903015000.00,22823
VD,20210903015500.00,22848
VD,20210903020000.00,22929
VD,20210903020500.00,22977
VD,20210903021000.00,22924
VD,20210903021500.00,22863
VD,20210903022000.00,22805
VD,20210903022500.00,22753
VD,20210903023000.00,22778
VD,20210903023500.00,22807
VD,20210903024000.00,22760
VD,20210903024500.00,22683
VD,20210903025000.00,22693
VD,20210903025500.00,22696
VD,20210903030000.00,22694
VD,20210903030500.00,22723
VD,20210903031000.00,22763
VD,20210903031500.00,22887
VD,20210903032000.00,22908
VD,20210903032500.00,22870
VD,20210903033000.00,22852
VD,20210903033500.00,22827
VD,20210903034000.00,22914
VD,20210903034500.00,22972
VD,20210903035000.00,23008
VD,20210903035500.00,23163
VD,20210903040000.00,23337
VD,20210903040500.00,23363
VD,20210903041000.00,23390
VD,20210903041500.00,23519
VD,20210903042000.00,23585
VD,20210903042500.00,23570
VD,20210903043000.00,23655
VD,20210903043500.00,23763
VD,20210903044000.00,23879
VD,20210903044500.00,23963
VD,20210903045000.00,24094
VD,20210903045500.00,24158
VD,20210903050000.00,24362
VD,20210903050500.00,24682
VD,20210903051000.00,25182
VD,20210903051500.00,25455
VD,20210903052000.00,25587
VD,20210903052500.00,25877
VD,20210903053000.00,26052
VD,20210903053500.00,26365
VD,20210903054000.00,26703
VD,20210903054500.00,26884
VD,20210903055000.00,26958
VD,20210903055500.00,26994
VD,20210903060000.00,27327
VD,20210903060500.00,27811
VD,20210903061000.00,28290
VD,20210903061500.00,28606
VD,20210903062000.00,28987
VD,20210903062500.00,29179
VD,20210903063000.00,29264
VD,20210903063500.00,29576
VD,20210903064000.00,29768
VD,20210903064500.00,29929
VD,20210903065000.00,30099
VD,20210903065500.00,30269
VD,20210903070000.00,30237
VD,20210903070500.00,30362
VD,20210903071000.00,30575
VD,20210903071500.00,30932
VD,20210903072000.00,31018
VD,20210903072500.00,31088
VD,20210903073000.00,31352
VD,20210903073500.00,31401
VD,20210903074000.00,31435
VD,20210903074500.00,31473
VD,20210903075000.00,31566
VD,20210903075500.00,31584
VD,20210903080000.00,31652
VD,20210903080500.00,31756
VD,20210903081000.00,31935
VD,20210903081500.00,31867
VD,20210903082000.00,31679
VD,20210903082500.00,31611
VD,20210903083000.00,31596
VD,20210903083500.00,31569
VD,20210903084000.00,31491
VD,20210903084500.00,31440
VD,20210903085000.00,31477
VD,20210903085500.00,31406
VD,20210903090000.00,31153
VD,20210903090500.00,31088
VD,20210903091000.00,31138
VD,20210903091500.00,31199
VD,20210903092000.00,31260
VD,20210903092500.00,31220
VD,20210903093000.00,31237
VD,20210903093500.00,31244
VD,20210903094000.00,31134
VD,20210903094500.00,31027
VD,20210903095000.00,30961
VD,20210903095500.00,30869
VD,20210903100000.00,30864
VD,20210903100500.00,30935
VD,20210903101000.00,31054
VD,20210903101500.00,31074
VD,20210903102000.00,31023
VD,20210903102500.00,31035
VD,20210903103000.00,30967
VD,20210903103500.00,30877
VD,20210903104000.00,30826
VD,20210903104500.00,30838
VD,20210903105000.00,30768
VD,20210903105500.00,30715
VD,20210903110000.00,30682
VD,20210903110500.00,30695
VD,20210903111000.00,30684
VD,20210903111500.00,30736
VD,20210903112000.00,30792
VD,20210903112500.00,30717
VD,20210903113000.00,30664
VD,20210903113500.00,30724
VD,20210903114000.00,30695
VD,20210903114500.00,30651
VD,20210903115000.00,30917
VD,20210903115500.00,30898
VD,20210903120000.00,30792
VD,20210903120500.00,30729
VD,20210903121000.00,30843
VD,20210903121500.00,30747
VD,20210903122000.00,30612
VD,20210903122500.00,30455
VD,20210903123000.00,30229
VD,20210903123500.00,30032
VD,20210903124000.00,29995
VD,20210903124500.00,29990
VD,20210903125000.00,29879
VD,20210903125500.00,29838
VD,20210903130000.00,29798
VD,20210903130500.00,29781
VD,20210903131000.00,29773
VD,20210903131500.00,29713
VD,20210903132000.00,29636
VD,20210903132500.00,29554
VD,20210903133000.00,29434
VD,20210903133500.00,29492
VD,20210903134000.00,29515
VD,20210903134500.00,29555
VD,20210903135000.00,29482
VD,20210903135500.00,29445
VD,20210903140000.00,29199
VD,20210903140500.00,29188
VD,20210903141000.00,29246
VD,20210903141500.00,29177
VD,20210903142000.00,29172
VD,20210903142500.00,29330
VD,20210903143000.00,29282
VD,20210903143500.00,29369
VD,20210903144000.00,29366
VD,20210903144500.00,29519
VD,20210903145000.00,29706
VD,20210903145500.00,29750
VD,20210903150000.00,29836
VD,20210903150500.00,29855
VD,20210903151000.00,29939
VD,20210903151500.00,30149
VD,20210903152000.00,30180
VD,20210903152500.00,30364
VD,20210903153000.00,30566
VD,20210903153500.00,30758
VD,20210903154000.00,30942
VD,20210903154500.00,30915
VD,20210903155000.00,30891
VD,20210903155500.00,30963
VD,20210903160000.00,31057
VD,20210903160500.00,31201
VD,20210903161000.00,31344
VD,20210903161500.00,31583
VD,20210903162000.00,31768
VD,20210903162500.00,31865
VD,20210903163000.00,31966
VD,20210903163500.00,31969
VD,20210903164000.00,31931
VD,20210903164500.00,32008
VD,20210903165000.00,31991
VD,20210903165500.00,31874
VD,20210903170000.00,31942
VD,20210903170500.00,32138
VD,20210903171000.00,32177
VD,20210903171500.00,32106
VD,20210903172000.00,32026
VD,20210903172500.00,32006
VD,20210903173000.00,32097
VD,20210903173500.00,32173
VD,20210903174000.00,32213
VD,20210903174500.00,32224
VD,20210903175000.00,32336
VD,20210903175500.00,32428
VD,20210903180000.00,32469
VD,20210903180500.00,32498
VD,20210903181000.00,32471
VD,20210903181500.00,32396
VD,20210903182000.00,32367
VD,20210903182500.00,32334
VD,20210903183000.00,32316
VD,20210903183500.00,32312
VD,20210903184000.00,32279
VD,20210903184500.00,32237
VD,20210903185000.00,32299
VD,20210903185500.00,32232
VD,20210903190000.00,32167
VD,20210903190500.00,32355
VD,20210903191000.00,32460
VD,20210903191500.00,32418
VD,20210903192000.00,32277
VD,20210903192500.00,32243
VD,20210903193000.00,32086
VD,20210903193500.00,31939
VD,20210903194000.00,31957
VD,20210903194500.00,31904
VD,20210903195000.00,31742
VD,20210903195500.00,31488
VD,20210903200000.00,31468
VD,20210903200500.00,31451
VD,20210903201000.00,31352
VD,20210903201500.00,30952
VD,20210903202000.00,30818
VD,20210903202500.00,30543
VD,20210903203000.00,30383
VD,20210903203500.00,30204
VD,20210903204000.00,29999
VD,20210903204500.00,29943
VD,20210903205000.00,29874
VD,20210903205500.00,29479
VD,20210903210000.00,29218
VD,20210903210500.00,29153
VD,20210903211000.00,29032
VD,20210903211500.00,28870
VD,20210903212000.00,28727
VD,20210903212500.00,28597
VD,20210903213000.00,28277
VD,20210903213500.00,28011
VD,20210903214000.00,27557
VD,20210903214500.00,27372
VD,20210903215000.00,27167
VD,20210903215500.00,26940
VD,20210903220000.00,26680
VD,20210903220500.00,26166
VD,20210903221000.00,25826
VD,20210903221500.00,25625
VD,20210903222000.00,25388
VD,20210903222500.00,25202
VD,20210903223000.00,24958
VD,20210903223500.00,24829
VD,20210903224000.00,24521
VD,20210903224500.00,24204
VD,20210903225000.00,23974
VD,20210903225500.00,23849
VD,20210903230000.00,23630
VD,20210903230500.00,23442
VD,20210903231000.00,23250
VD,20210903231500.00,23025
VD,20210903232000.00,22878
VD,20210903232500.00,22724
VD,20210903233000.00,22555
VD,20210903233500.00,22500
VD,20210903234000.00,22486
VD,20210903234500.00,22370
VD,20210903235000.00,22306
VD,20210903235500.00,22260
VD,20210904000000.00,22071
VD,20210904000500.00,22021
VD,20210904001000.00,21907
VD,20210904001500.00,21901
VD,20210904002000.00,21914
VD,20210904002500.00,21890
VD,20210904003000.00,21888
VD,20210904003500.00,22018
VD,20210904004000.00,22030
VD,20210904004500.00,21957
VD,20210904005000.00,21817
VD,20210904005500.00,21741
VD,20210904010000.00,21697
VD,20210904010500.00,21851
VD,20210904011000.00,21900
VD,20210904011500.00,21791
VD,20210904012000.00,21697
VD,20210904012500.00,21657
VD,20210904013000.00,21642
VD,20210904013500.00,21646
VD,20210904014000.00,21639
VD,20210904014500.00,21698
VD,20210904015000.00,21741
VD,20210904015500.00,21720
VD,20210904020000.00,21660
VD,20210904020500.00,21560
VD,20210904021000.00,21571
VD,20210904021500.00,21543
VD,20210904022000.00,21499
VD,20210904022500.00,21492
VD,20210904023000.00,21467
VD,20210904023500.00,21511
VD,20210904024000.00,21500
VD,20210904024500.00,21483
VD,20210904025000.00,21468
VD,20210904025500.00,21368
VD,20210904030000.00,21327
VD,20210904030500.00,21361
VD,20210904031000.00,21411
VD,20210904031500.00,21397
VD,20210904032000.00,21413
VD,20210904032500.00,21358
VD,20210904033000.00,21363
VD,20210904033500.00,21433
VD,20210904034000.00,21467
VD,20210904034500.00,21440
VD,20210904035000.00,21422
VD,20210904035500.00,21468
VD,20210904040000.00,21464
VD,20210904040500.00,21489
VD,20210904041000.00,21633
VD,20210904041500.00,21759
VD,20210904042000.00,21803
VD,20210904042500.00,21843
VD,20210904043000.00,21730
VD,20210904043500.00,21717
VD,20210904044000.00,21754
VD,20210904044500.00,21876
VD,20210904045000.00,22040
VD,20210904045500.00,22181
VD,20210904050000.00,22256
VD,20210904050500.00,22279
VD,20210904051000.00,22223
VD,20210904051500.00,22211
VD,20210904052000.00,22161
VD,20210904052500.00,22207
VD,20210904053000.00,22247
VD,20210904053500.00,22359
VD,20210904054000.00,22444
VD,20210904054500.00,22579
VD,20210904055000.00,22731
VD,20210904055500.00,23003
VD,20210904060000.00,23220
VD,20210904060500.00,23416
VD,20210904061000.00,23718
VD,20210904061500.00,24002
VD,20210904062000.00,24176
VD,20210904062500.00,24279
VD,20210904063000.00,24328
VD,20210904063500.00,24428
VD,20210904064000.00,24445
VD,20210904064500.00,24628
VD,20210904065000.00,24895
VD,20210904065500.00,25227
VD,20210904070000.00,25366
VD,20210904070500.00,25790
VD,20210904071000.00,26151
VD,20210904071500.00,26304
VD,20210904072000.00,26506
VD,20210904072500.00,26712
VD,20210904073000.00,26845
VD,20210904073500.00,26854
VD,20210904074000.00,26982
VD,20210904074500.00,27159
VD,20210904075000.00,27263
VD,20210904075500.00,27313
VD,20210904080000.00,27376
VD,20210904080500.00,27570
VD,20210904081000.00,27526
VD,20210904081500.00,27648
VD,20210904082000.00,27710
VD,20210904082500.00,27703
VD,20210904083000.00,27721
VD,20210904083500.00,27777
VD,20210904084000.00,27858
VD,20210904084500.00,27868
VD,20210904085000.00,27847
VD,20210904085500.00,27781
VD,20210904090000.00,27703
VD,20210904090500.00,27757
VD,20210904091000.00,27772
VD,20210904091500.00,27717
VD,20210904092000.00,27628
VD,20210904092500.00,27574
VD,20210904093000.00,27484
VD,20210904093500.00,27486
VD,20210904094000.00,27466
VD,20210904094500.00,27453
VD,20210904095000.00,27512
VD,20210904095500.00,27379
VD,20210904100000.00,27268
VD,20210904100500.00,27203
VD,20210904101000.00,27144
VD,20210904101500.00,27152
VD,20210904102000.00,27122
VD,20210904102500.00,27134
VD,20210904103000.00,27072
VD,20210904103500.00,27049
VD,20210904104000.00,26988
VD,20210904104500.00,27020
VD,20210904105000.00,26990
VD,20210904105500.00,27085
VD,20210904110000.00,27008
VD,20210904110500.00,27034
VD,20210904111000.00,27012
VD,20210904111500.00,26993
VD,20210904112000.00,26999
VD,20210904112500.00,26968
VD,20210904113000.00,26903
VD,20210904113500.00,26881
VD,20210904114000.00,26812
VD,20210904114500.00,26744
VD,20210904115000.00,26806
VD,20210904115500.00,26904
VD,20210904120000.00,26905
VD,20210904120500.00,26833
VD,20210904121000.00,26808
VD,20210904121500.00,26728
VD,20210904122000.00,26697
VD,20210904122500.00,26591
VD,20210904123000.00,26520
VD,20210904123500.00,26532
VD,20210904124000.00,26430
VD,20210904124500.00,26337
VD,20210904125000.00,26203
VD,20210904125500.00,26163
VD,20210904130000.00,26075
VD,20210904130500.00,26181
VD,20210904131000.00,26064
VD,20210904131500.00,26000
VD,20210904132000.00,25986
VD,20210904132500.00,25939
VD,20210904133000.00,25920
VD,20210904133500.00,25930
VD,20210904134000.00,25869
VD,20210904134500.00,25904
VD,20210904135000.00,25943
VD,20210904135500.00,25946
VD,20210904140000.00,25913
VD,20210904140500.00,25950
VD,20210904141000.00,25896
VD,20210904141500.00,25859
VD,20210904142000.00,25817
VD,20210904142500.00,25957
VD,20210904143000.00,26028
VD,20210904143500.00,25978
VD,20210904144000.00,25933
VD,20210904144500.00,25978
VD,20210904145000.00,26097
VD,20210904145500.00,26162
VD,20210904150000.00,26271
VD,20210904150500.00,26471
VD,20210904151000.00,26691
VD,20210904151500.00,26734
VD,20210904152000.00,26791
VD,20210904152500.00,26857
VD,20210904153000.00,26907
VD,20210904153500.00,26945
VD,20210904154000.00,27004
VD,20210904154500.00,27146
VD,20210904155000.00,27323
VD,20210904155500.00,27496
VD,20210904160000.00,27574
VD,20210904160500.00,27874
VD,20210904161000.00,28033
VD,20210904161500.00,28256
VD,20210904162000.00,28469
VD,20210904162500.00,28554
VD,20210904163000.00,28614
VD,20210904163500.00,28864
VD,20210904164000.00,28958
VD,20210904164500.00,29058
VD,20210904165000.00,29190
VD,20210904165500.00,29273
VD,20210904170000.00,29415
VD,20210904170500.00,29598
VD,20210904171000.00,29677
VD,20210904171500.00,29732
VD,20210904172000.00,29774
VD,20210904172500.00,29837
VD,20210904173000.00,29868
VD,20210904173500.00,29934
VD,20210904174000.00,29875
VD,20210904174500.00,29741
VD,20210904175000.00,29789
VD,20210904175500.00,29793
VD,20210904180000.00,29775
VD,20210904180500.00,29781
VD,20210904181000.00,29757
VD,20210904181500.00,29739
VD,20210904182000.00,29694
VD,20210904182500.00,29666
VD,20210904183000.00,29623
VD,20210904183500.00,29420
VD,20210904184000.00,29408
VD,20210904184500.00,29334
VD,20210904185000.00,29318
VD,20210904185500.00,29427
VD,20210904190000.00,29527
VD,20210904190500.00,29676
VD,20210904191000.00,29726
VD,20210904191500.00,29710
VD,20210904192000.00,29658
VD,20210904192500.00,29704
VD,20210904193000.00,29609
VD,20210904193500.00,29571
VD,20210904194000.00,29471
VD,20210904194500.00,29267
VD,20210904195000.00,29053
VD,20210904195500.00,28837
VD,20210904200000.00,28645
VD,20210904200500.00,28683
VD,20210904201000.00,28572
VD,20210904201500.00,28305
VD,20210904202000.00,27993
VD,20210904202500.00,27770
VD,20210904203000.00,27596
VD,20210904203500.00,27543
VD,20210904204000.00,27436
VD,20210904204500.00,27335
VD,20210904205000.00,27164
VD,20210904205500.00,27045
VD,20210904210000.00,26997
VD,20210904210500.00,26881
VD,20210904211000.00,26696
VD,20210904211500.00,26597
VD,20210904212000.00,26465
VD,20210904212500.00,26271
VD,20210904213000.00,26059
VD,20210904213500.00,25917
VD,20210904214000.00,25663
VD,20210904214500.00,25396
VD,20210904215000.00,25165
VD,20210904215500.00,24984
VD,20210904220000.00,24858
VD,20210904220500.00,24418
VD,20210904221000.00,24083
VD,20210904221500.00,23794
VD,20210904222000.00,23638
VD,20210904222500.00,23518
VD,20210904223000.00,23335
VD,20210904223500.00,23148
VD,20210904224000.00,22979
VD,20210904224500.00,22766
VD,20210904225000.00,22596
VD,20210904225500.00,22407
VD,20210904230000.00,22248
VD,20210904230500.00,22059
VD,20210904231000.00,21905
VD,20210904231500.00,21722
VD,20210904232000.00,21674
VD,20210904232500.00,21603
VD,20210904233000.00,21505
VD,20210904233500.00,21513
VD,20210904234000.00,21417
VD,20210904234500.00,21362
VD,20210904235000.00,21329
VD,20210904235500.00,21200
VD,20210905000000.00,21077
VD,20210905000500.00,20946
VD,20210905001000.00,20963
VD,20210905001500.00,21004
VD,20210905002000.00,21003
VD,20210905002500.00,21028
VD,20210905003000.00,21045
VD,20210905003500.00,21059
VD,20210905004000.00,21051
VD,20210905004500.00,21045
VD,20210905005000.00,21036
VD,20210905005500.00,20924
VD,20210905010000.00,20883
VD,20210905010500.00,21025
VD,20210905011000.00,20962
VD,20210905011500.00,20902
VD,20210905012000.00,20819
VD,20210905012500.00,20906
VD,20210905013000.00,20953
VD,20210905013500.00,20953
VD,20210905014000.00,20901
VD,20210905014500.00,20716
VD,20210905015000.00,20563
VD,20210905015500.00,20505
VD,20210905020000.00,20441
VD,20210905020500.00,20459
VD,20210905021000.00,20450
VD,20210905021500.00,20446
VD,20210905022000.00,20431
VD,20210905022500.00,20563
VD,20210905023000.00,20493
VD,20210905023500.00,20481
VD,20210905024000.00,20461
VD,20210905024500.00,20432
VD,20210905025000.00,20313
VD,20210905025500.00,20264
VD,20210905030000.00,20185
VD,20210905030500.00,20164
VD,20210905031000.00,20285
VD,20210905031500.00,20261
VD,20210905032000.00,20254
VD,20210905032500.00,20320
VD,20210905033000.00,20325
VD,20210905033500.00,20302
VD,20210905034000.00,20295
VD,20210905034500.00,20273
VD,20210905035000.00,20225
VD,20210905035500.00,20233
VD,20210905040000.00,20192
VD,20210905040500.00,20306
VD,20210905041000.00,20202
VD,20210905041500.00,20156
VD,20210905042000.00,20157
VD,20210905042500.00,20242
VD,20210905043000.00,20142
VD,20210905043500.00,20213
VD,20210905044000.00,20306
VD,20210905044500.00,20316
VD,20210905045000.00,20398
VD,20210905045500.00,20528
VD,20210905050000.00,20594
VD,20210905050500.00,20748
VD,20210905051000.00,20852
VD,20210905051500.00,20885
VD,20210905052000.00,20892
VD,20210905052500.00,20868
VD,20210905053000.00,20877
VD,20210905053500.00,20887
VD,20210905054000.00,20957
VD,20210905054500.00,21090
VD,20210905055000.00,21185
VD,20210905055500.00,21303
VD,20210905060000.00,21380
VD,20210905060500.00,21564
VD,20210905061000.00,21591
VD,20210905061500.00,21563
VD,20210905062000.00,21584
VD,20210905062500.00,21691
VD,20210905063000.00,21754
VD,20210905063500.00,21917
VD,20210905064000.00,22081
VD,20210905064500.00,22086
VD,20210905065000.00,22126
VD,20210905065500.00,22195
VD,20210905070000.00,22321
VD,20210905070500.00,22745
VD,20210905071000.00,23055
VD,20210905071500.00,23245
VD,20210905072000.00,23380
VD,20210905072500.00,23515
VD,20210905073000.00,23667
VD,20210905073500.00,23692
VD,20210905074000.00,23770
VD,20210905074500.00,23901
VD,20210905075000.00,24048
VD,20210905075500.00,24231
VD,20210905080000.00,24326
VD,20210905080500.00,24543
VD,20210905081000.00,24708
VD,20210905081500.00,24832
VD,20210905082000.00,24983
VD,20210905082500.00,25103
VD,20210905083000.00,25116
VD,20210905083500.00,25122
VD,20210905084000.00,25288
VD,20210905084500.00,25352
VD,20210905085000.00,25274
VD,20210905085500.00,25238
VD,20210905090000.00,25241
VD,20210905090500.00,25355
VD,20210905091000.00,25253
VD,20210905091500.00,25172
VD,20210905092000.00,25157
VD,20210905092500.00,25241
VD,20210905093000.00,25187
VD,20210905093500.00,25083
VD,20210905094000.00,24933
VD,20210905094500.00,24948
VD,20210905095000.00,24939
VD,20210905095500.00,24879
VD,20210905100000.00,24807
VD,20210905100500.00,24870
VD,20210905101000.00,24794
VD,20210905101500.00,24808
VD,20210905102000.00,24749
VD,20210905102500.00,24613
VD,20210905103000.00,24596
VD,20210905103500.00,24589
VD,20210905104000.00,24590
VD,20210905104500.00,24569
VD,20210905105000.00,24531
VD,20210905105500.00,24522
VD,20210905110000.00,24531
VD,20210905110500.00,24535
VD,20210905111000.00,24569
VD,20210905111500.00,24472
VD,20210905112000.00,24385
VD,20210905112500.00,24361
VD,20210905113000.00,24283
VD,20210905113500.00,24197
VD,20210905114000.00,24173
VD,20210905114500.00,24194
VD,20210905115000.00,24170
VD,20210905115500.00,24148
VD,20210905120000.00,24120
VD,20210905120500.00,24028
VD,20210905121000.00,23966
VD,20210905121500.00,23902
VD,20210905122000.00,23897
VD,20210905122500.00,23876
VD,20210905123000.00,23817
VD,20210905123500.00,23777
VD,20210905124000.00,23655
VD,20210905124500.00,23619
VD,20210905125000.00,23684
VD,20210905125500.00,23789
VD,20210905130000.00,23758
VD,20210905130500.00,23756
VD,20210905131000.00,23680
VD,20210905131500.00,23638
VD,20210905132000.00,23622
VD,20210905132500.00,23630
VD,20210905133000.00,23623
VD,20210905133500.00,23694
VD,20210905134000.00,23719
VD,20210905134500.00,23791
VD,20210905135000.00,23885
VD,20210905135500.00,23989
VD,20210905140000.00,24092
VD,20210905140500.00,24205
VD,20210905141000.00,24306
VD,20210905141500.00,24430
VD,20210905142000.00,24527
VD,20210905142500.00,24626
VD,20210905143000.00,24680
VD,20210905143500.00,24833
VD,20210905144000.00,25061
VD,20210905144500.00,25237
VD,20210905145000.00,25399
VD,20210905145500.00,25623
VD,20210905150000.00,25709
VD,20210905150500.00,25933
VD,20210905151000.00,26094
VD,20210905151500.00,26345
VD,20210905152000.00,26503
VD,20210905152500.00,26715
VD,20210905153000.00,26936
VD,20210905153500.00,27089
VD,20210905154000.00,27281
VD,20210905154500.00,27426
VD,20210905155000.00,27711
VD,20210905155500.00,27984
VD,20210905160000.00,28201
VD,20210905160500.00,28392
VD,20210905161000.00,28572
VD,20210905161500.00,28765
VD,20210905162000.00,28950
VD,20210905162500.00,29248
VD,20210905163000.00,29423
VD,20210905163500.00,29484
VD,20210905164000.00,29406
VD,20210905164500.00,29379
VD,20210905165000.00,29580
VD,20210905165500.00,29894
VD,20210905170000.00,30039
VD,20210905170500.00,30061
VD,20210905171000.00,29954
VD,20210905171500.00,30011
VD,20210905172000.00,30260
VD,20210905172500.00,30493
VD,20210905173000.00,30506
VD,20210905173500.00,30604
VD,20210905174000.00,30636
VD,20210905174500.00,30623
VD,20210905175000.00,30661
VD,20210905175500.00,30679
VD,20210905180000.00,30729
VD,20210905180500.00,30906
VD,20210905181000.00,30939
VD,20210905181500.00,30909
VD,20210905182000.00,30981
VD,20210905182500.00,30771
VD,20210905183000.00,30642
VD,20210905183500.00,30778
VD,20210905184000.00,30700
VD,20210905184500.00,30676
VD,20210905185000.00,30649
VD,20210905185500.00,30665
VD,20210905190000.00,30724
VD,20210905190500.00,30999
VD,20210905191000.00,30957
VD,20210905191500.00,30909
VD,20210905192000.00,30860
VD,20210905192500.00,30816
VD,20210905193000.00,30683
VD,20210905193500.00,30591
VD,20210905194000.00,30689
VD,20210905194500.00,30628
VD,20210905195000.00,30510
VD,20210905195500.00,30352
VD,20210905200000.00,30176
VD,20210905200500.00,29937
VD,20210905201000.00,29401
VD,20210905201500.00,29104
VD,20210905202000.00,28898
VD,20210905202500.00,28741
VD,20210905203000.00,28525
VD,20210905203500.00,28328
VD,20210905204000.00,28306
VD,20210905204500.00,28332
VD,20210905205000.00,28194
VD,20210905205500.00,27967
VD,20210905210000.00,27764
VD,20210905210500.00,27715
VD,20210905211000.00,27492
VD,20210905211500.00,27374
VD,20210905212000.00,27162
VD,20210905212500.00,26968
VD,20210905213000.00,26720
VD,20210905213500.00,26675
VD,20210905214000.00,26439
VD,20210905214500.00,26116
VD,20210905215000.00,25896
VD,20210905215500.00,25702
VD,20210905220000.00,25535
VD,20210905220500.00,25582
VD,20210905221000.00,25428
VD,20210905221500.00,25302
VD,20210905222000.00,25191
VD,20210905222500.00,24917
VD,20210905223000.00,24686
VD,20210905223500.00,24520
VD,20210905224000.00,24348
VD,20210905224500.00,24166
VD,20210905225000.00,23981
VD,20210905225500.00,23834
VD,20210905230000.00,23709
VD,20210905230500.00,23738
VD,20210905231000.00,23683
VD,20210905231500.00,23637
VD,20210905232000.00,23553
VD,20210905232500.00,23469
VD,20210905233000.00,23378
VD,20210905233500.00,23361
VD,20210905234000.00,23310
VD,20210905234500.00,23195
VD,20210905235000.00,23111
VD,20210905235500.00,23031
VD,20210906000000.00,22920
VD,20210906000500.00,22934
VD,20210906001000.00,22917
VD,20210906001500.00,22878
VD,20210906002000.00,22775
VD,20210906002500.00,22736
VD,20210906003000.00,22683
VD,20210906003500.00,22720
VD,20210906004000.00,22739
VD,20210906004500.00,22697
VD,20210906005000.00,22633
VD,20210906005500.00,22550
VD,20210906010000.00,22516
VD,20210906010500.00,22530
VD,20210906011000.00,22542
VD,20210906011500.00,22541
VD,20210906012000.00,22434
VD,20210906012500.00,22390
VD,20210906013000.00,22370
VD,20210906013500.00,22327
VD,20210906014000.00,22258
VD,20210906014500.00,22231
VD,20210906015000.00,22178
VD,20210906015500.00,22174
VD,20210906020000.00,22158
VD,20210906020500.00,22119
VD,20210906021000.00,21942
VD,20210906021500.00,21893
VD,20210906022000.00,21911
VD,20210906022500.00,21865
VD,20210906023000.00,21805
VD,20210906023500.00,21901
VD,20210906024000.00,21838
VD,20210906024500.00,21796
VD,20210906025000.00,21731
VD,20210906025500.00,21742
VD,20210906030000.00,21792
VD,20210906030500.00,21778
VD,20210906031000.00,21955
VD,20210906031500.00,22079
VD,20210906032000.00,22134
VD,20210906032500.00,22136
VD,20210906033000.00,22142
VD,20210906033500.00,22200
VD,20210906034000.00,22191
VD,20210906034500.00,22106
VD,20210906035000.00,22002
VD,20210906035500.00,22006
VD,20210906040000.00,21940
VD,20210906040500.00,21948
VD,20210906041000.00,22018
VD,20210906041500.00,22128
VD,20210906042000.00,22162
VD,20210906042500.00,22262
VD,20210906043000.00,22507
VD,20210906043500.00,22496
VD,20210906044000.00,22609
VD,20210906044500.00,22680
VD,20210906045000.00,22747
VD,20210906045500.00,23067
VD,20210906050000.00,23408
VD,20210906050500.00,23794
VD,20210906051000.00,24200
VD,20210906051500.00,24531
VD,20210906052000.00,24755
VD,20210906052500.00,24882
VD,20210906053000.00,25172
VD,20210906053500.00,25328
VD,20210906054000.00,25519
VD,20210906054500.00,25764
VD,20210906055000.00,26102
VD,20210906055500.00,26408
VD,20210906060000.00,26748
VD,20210906060500.00,27126
VD,20210906061000.00,27688
VD,20210906061500.00,27984
VD,20210906062000.00,28132
VD,20210906062500.00,28409
VD,20210906063000.00,28658
VD,20210906063500.00,28812
VD,20210906064000.00,29029
VD,20210906064500.00,29276
VD,20210906065000.00,29300
VD,20210906065500.00,29448
VD,20210906070000.00,29610
VD,20210906070500.00,29827
VD,20210906071000.00,30018
VD,20210906071500.00,30113
VD,20210906072000.00,30231
VD,20210906072500.00,30249
VD,20210906073000.00,30224
VD,20210906073500.00,30192
VD,20210906074000.00,30164
VD,20210906074500.00,30187
VD,20210906075000.00,30278
VD,20210906075500.00,30273
VD,20210906080000.00,30265
VD,20210906080500.00,30374
VD,20210906081000.00,30557
VD,20210906081500.00,30712
VD,20210906082000.00,30723
VD,20210906082500.00,30671
VD,20210906083000.00,30564
VD,20210906083500.00,30537
VD,20210906084000.00,30390
VD,20210906084500.00,30267
VD,20210906085000.00,30442
VD,20210906085500.00,30486
VD,20210906090000.00,30445
VD,20210906090500.00,30083
VD,20210906091000.00,29938
VD,20210906091500.00,29859
VD,20210906092000.00,29779
VD,20210906092500.00,29729
VD,20210906093000.00,29571
VD,20210906093500.00,29493
VD,20210906094000.00,29457
VD,20210906094500.00,29395
VD,20210906095000.00,29509
VD,20210906095500.00,29541
VD,20210906100000.00,29740
VD,20210906100500.00,29831
VD,20210906101000.00,29818
VD,20210906101500.00,29935
VD,20210906102000.00,29918
VD,20210906102500.00,29986
VD,20210906103000.00,29850
VD,20210906103500.00,29820
VD,20210906104000.00,29693
VD,20210906104500.00,29454
VD,20210906105000.00,29569
VD,20210906105500.00,29499
VD,20210906110000.00,29436
VD,20210906110500.00,29377
VD,20210906111000.00,29321
VD,20210906111500.00,29352
VD,20210906112000.00,29587
VD,20210906112500.00,29540
VD,20210906113000.00,29474
VD,20210906113500.00,29541
VD,20210906114000.00,29556
VD,20210906114500.00,29646
VD,20210906115000.00,29649
VD,20210906115500.00,29566
VD,20210906120000.00,29509
VD,20210906120500.00,29593
VD,20210906121000.00,29669
VD,20210906121500.00,29719
VD,20210906122000.00,29633
VD,20210906122500.00,29658
VD,20210906123000.00,29620
VD,20210906123500.00,29519
VD,20210906124000.00,29475
VD,20210906124500.00,29386
VD,20210906125000.00,29296
VD,20210906125500.00,29181
VD,20210906130000.00,29064
VD,20210906130500.00,29221
VD,20210906131000.00,29258
VD,20210906131500.00,29050
VD,20210906132000.00,29110
VD,20210906132500.00,29129
VD,20210906133000.00,29085
VD,20210906133500.00,29013
VD,20210906134000.00,28913
VD,20210906134500.00,28835
VD,20210906135000.00,28885
VD,20210906135500.00,28994
VD,20210906140000.00,29048
VD,20210906140500.00,29185
VD,20210906141000.00,29193
VD,20210906141500.00,29126
VD,20210906142000.00,29164
VD,20210906142500.00,29325
VD,20210906143000.00,29420
VD,20210906143500.00,29493
VD,20210906144000.00,29738
VD,20210906144500.00,29983
VD,20210906145000.00,30176
VD,20210906145500.00,30360
VD,20210906150000.00,30476
VD,20210906150500.00,30465
VD,20210906151000.00,30514
VD,20210906151500.00,30858
VD,20210906152000.00,31128
VD,20210906152500.00,31180
VD,20210906153000.00,31238
VD,20210906153500.00,31230
VD,20210906154000.00,31208
VD,20210906154500.00,31396
VD,20210906155000.00,31599
VD,20210906155500.00,31711
VD,20210906160000.00,31826
VD,20210906160500.00,32054
VD,20210906161000.00,32259
VD,20210906161500.00,32366
VD,20210906162000.00,32653
VD,20210906162500.00,32890
VD,20210906163000.00,33014
VD,20210906163500.00,33195
VD,20210906164000.00,33296
VD,20210906164500.00,33361
VD,20210906165000.00,33544
VD,20210906165500.00,33668
VD,20210906170000.00,33750
VD,20210906170500.00,33588
VD,20210906171000.00,33730
VD,20210906171500.00,33699
VD,20210906172000.00,33636
VD,20210906172500.00,33637
VD,20210906173000.00,33641
VD,20210906173500.00,33721
VD,20210906174000.00,33732
VD,20210906174500.00,33647
VD,20210906175000.00,33537
VD,20210906175500.00,33476
VD,20210906180000.00,33504
VD,20210906180500.00,33619
VD,20210906181000.00,33727
VD,20210906181500.00,33735
VD,20210906182000.00,33776
VD,20210906182500.00,33781
VD,20210906183000.00,33696
VD,20210906183500.00,33727
VD,20210906184000.00,33760
VD,20210906184500.00,33684
VD,20210906185000.00,33762
VD,20210906185500.00,33834
VD,20210906190000.00,33824
VD,20210906190500.00,34013
VD,20210906191000.00,34083
VD,20210906191500.00,34089
VD,20210906192000.00,34034
VD,20210906192500.00,33911
VD,20210906193000.00,33748
VD,20210906193500.00,33650
VD,20210906194000.00,33591
VD,20210906194500.00,33398
VD,20210906195000.00,33218
VD,20210906195500.00,32974
VD,20210906200000.00,32807
VD,20210906200500.00,32784
VD,20210906201000.00,32618
VD,20210906201500.00,32205
VD,20210906202000.00,31897
VD,20210906202500.00,31683
VD,20210906203000.00,31409
VD,20210906203500.00,31218
VD,20210906204000.00,31157
VD,20210906204500.00,30937
VD,20210906205000.00,30710
VD,20210906205500.00,30492
VD,20210906210000.00,30238
VD,20210906210500.00,30084
VD,20210906211000.00,29882
VD,20210906211500.00,29524
VD,20210906212000.00,29277
VD,20210906212500.00,29034
VD,20210906213000.00,28670
VD,20210906213500.00,28415
VD,20210906214000.00,28209
VD,20210906214500.00,28132
VD,20210906215000.00,27965
VD,20210906215500.00,27791
VD,20210906220000.00,27720
VD,20210906220500.00,27781
VD,20210906221000.00,27576
VD,20210906221500.00,27451
VD,20210906222000.00,27211
VD,20210906222500.00,27170
VD,20210906223000.00,26979
VD,20210906223500.00,26869
VD,20210906224000.00,26652
VD,20210906224500.00,26384
VD,20210906225000.00,26135
VD,20210906225500.00,25951
VD,20210906230000.00,25773
VD,20210906230500.00,25775
VD,20210906231000.00,25764
VD,20210906231500.00,25567
VD,20210906232000.00,25419
VD,20210906232500.00,25354
VD,20210906233000.00,25258
VD,20210906233500.00,25097
VD,20210906234000.00,25103
VD,20210906234500.00,25112
VD,20210906235000.00,24933
VD,20210906235500.00,24803
VD,20210907000000.00,24683
VD,20210907000500.00,24452
VD,20210907001000.00,24270
VD,20210907001500.00,24224
VD,20210907002000.00,24112
VD,20210907002500.00,24051
VD,20210907003000.00,24001
VD,20210907003500.00,24074
VD,20210907004000.00,24060
VD,20210907004500.00,23995
VD,20210907005000.00,23949
VD,20210907005500.00,23920
VD,20210907010000.00,23822
VD,20210907010500.00,23552
VD,20210907011000.00,23422
VD,20210907011500.00,23325
VD,20210907012000.00,23258
VD,20210907012500.00,23193
VD,20210907013000.00,23180
VD,20210907013500.00,23317
VD,20210907014000.00,23344
VD,20210907014500.00,23374
VD,20210907015000.00,23368
VD,20210907015500.00,23361
VD,20210907020000.00,23324
VD,20210907020500.00,23352
VD,20210907021000.00,23369
VD,20210907021500.00,23339
VD,20210907022000.00,23278
VD,20210907022500.00,23225
VD,20210907023000.00,23050
VD,20210907023500.00,23036
VD,20210907024000.00,23027
VD,20210907024500.00,22998
VD,20210907025000.00,22924
VD,20210907025500.00,22903
VD,20210907030000.00,22888
VD,20210907030500.00,22848
VD,20210907031000.00,22866
VD,20210907031500.00,23136
VD,20210907032000.00,22888
VD,20210907032500.00,22845
VD,20210907033000.00,22834
VD,20210907033500.00,22868
VD,20210907034000.00,22860
VD,20210907034500.00,22833
VD,20210907035000.00,22828
VD,20210907035500.00,23008
VD,20210907040000.00,23084
VD,20210907040500.00,23166
VD,20210907041000.00,23452
VD,20210907041500.00,23667
VD,20210907042000.00,23673
VD,20210907042500.00,23773
VD,20210907043000.00,23867
VD,20210907043500.00,23868
VD,20210907044000.00,23896
VD,20210907044500.00,24175
VD,20210907045000.00,24439
VD,20210907045500.00,24761
VD,20210907050000.00,25000
VD,20210907050500.00,25488
VD,20210907051000.00,25982
VD,20210907051500.00,26204
VD,20210907052000.00,26465
VD,20210907052500.00,26713
VD,20210907053000.00,26794
VD,20210907053500.00,26869
VD,20210907054000.00,27025
VD,20210907054500.00,27217
VD,20210907055000.00,27409
VD,20210907055500.00,27794
VD,20210907060000.00,28156
VD,20210907060500.00,28813
VD,20210907061000.00,29397
VD,20210907061500.00,29825
VD,20210907062000.00,30031
VD,20210907062500.00,30019
VD,20210907063000.00,30062
VD,20210907063500.00,30165
VD,20210907064000.00,30294
VD,20210907064500.00,30443
VD,20210907065000.00,30557
VD,20210907065500.00,30669
VD,20210907070000.00,30745
VD,20210907070500.00,30911
VD,20210907071000.00,31116
VD,20210907071500.00,31360
VD,20210907072000.00,31389
VD,20210907072500.00,31347
VD,20210907073000.00,31176
VD,20210907073500.00,31169
VD,20210907074000.00,31082
VD,20210907074500.00,30995
VD,20210907075000.00,30993
VD,20210907075500.00,31013
VD,20210907080000.00,31041
VD,20210907080500.00,31156
VD,20210907081000.00,31219
VD,20210907081500.00,31250
VD,20210907082000.00,31228
VD,20210907082500.00,31140
VD,20210907083000.00,31042
VD,20210907083500.00,31001
VD,20210907084000.00,30945
VD,20210907084500.00,30727
VD,20210907085000.00,30722
VD,20210907085500.00,30566
VD,20210907090000.00,30367
VD,20210907090500.00,30375
VD,20210907091000.00,30486
VD,20210907091500.00,30360
VD,20210907092000.00,30188
VD,20210907092500.00,30092
VD,20210907093000.00,30054
VD,20210907093500.00,29974
VD,20210907094000.00,29995
VD,20210907094500.00,30076
VD,20210907095000.00,30021
VD,20210907095500.00,30035
VD,20210907100000.00,30050
VD,20210907100500.00,30009
VD,20210907101000.00,29951
VD,20210907101500.00,29813
VD,20210907102000.00,29708
VD,20210907102500.00,29732
VD,20210907103000.00,29806
VD,20210907103500.00,29834
VD,20210907104000.00,29869
VD,20210907104500.00,29864
VD,20210907105000.00,29903
VD,20210907105500.00,29952
VD,20210907110000.00,30055
VD,20210907110500.00,30133
VD,20210907111000.00,30190
VD,20210907111500.00,30298
VD,20210907112000.00,30325
VD,20210907112500.00,30307
VD,20210907113000.00,30244
VD,20210907113500.00,30269
VD,20210907114000.00,30306
VD,20210907114500.00,30300
VD,20210907115000.00,30260
VD,20210907115500.00,30186
VD,20210907120000.00,30098
VD,20210907120500.00,30153
VD,20210907121000.00,30193
VD,20210907121500.00,30107
VD,20210907122000.00,29975
VD,20210907122500.00,29929
VD,20210907123000.00,29839
VD,20210907123500.00,29799
VD,20210907124000.00,29756
VD,20210907124500.00,29808
VD,20210907125000.00,29813
VD,20210907125500.00,29805
VD,20210907130000.00,29764
VD,20210907130500.00,29852
VD,20210907131000.00,29808
VD,20210907131500.00,29839
VD,20210907132000.00,29837
VD,20210907132500.00,29826
VD,20210907133000.00,29733
VD,20210907133500.00,29760
VD,20210907134000.00,29710
VD,20210907134500.00,29685
VD,20210907135000.00,29684
VD,20210907135500.00,29821
VD,20210907140000.00,29781
VD,20210907140500.00,29607
VD,20210907141000.00,29861
VD,20210907141500.00,29818
VD,20210907142000.00,29832
VD,20210907142500.00,29897
VD,20210907143000.00,29924
VD,20210907143500.00,30107
VD,20210907144000.00,30169
VD,20210907144500.00,30104
VD,20210907145000.00,30131
VD,20210907145500.00,30258
VD,20210907150000.00,30782
VD,20210907150500.00,31100
VD,20210907151000.00,31068
VD,20210907151500.00,31112
VD,20210907152000.00,31238
VD,20210907152500.00,31196
VD,20210907153000.00,31192
VD,20210907153500.00,31504
VD,20210907154000.00,31903
VD,20210907154500.00,32311
VD,20210907155000.00,32581
VD,20210907155500.00,32723
VD,20210907160000.00,32755
VD,20210907160500.00,32803
VD,20210907161000.00,32793
VD,20210907161500.00,32892
VD,20210907162000.00,32997
VD,20210907162500.00,33184
VD,20210907163000.00,33331
VD,20210907163500.00,33406
VD,20210907164000.00,33447
VD,20210907164500.00,33592
VD,20210907165000.00,33688
VD,20210907165500.00,33705
VD,20210907170000.00,33694
VD,20210907170500.00,33629
VD,20210907171000.00,33623
VD,20210907171500.00,33633
VD,20210907172000.00,33684
VD,20210907172500.00,33752
VD,20210907173000.00,33791
VD,20210907173500.00,33843
VD,20210907174000.00,33900
VD,20210907174500.00,33736
VD,20210907175000.00,33617
VD,20210907175500.00,33544
VD,20210907180000.00,33403
VD,20210907180500.00,33149
VD,20210907181000.00,33096
VD,20210907181500.00,33083
VD,20210907182000.00,33029
VD,20210907182500.00,32963
VD,20210907183000.00,33097
VD,20210907183500.00,33351
VD,20210907184000.00,33375
VD,20210907184500.00,33280
VD,20210907185000.00,33385
VD,20210907185500.00,33318
VD,20210907190000.00,33346
VD,20210907190500.00,33318
VD,20210907191000.00,33362
VD,20210907191500.00,33434
VD,20210907192000.00,33414
VD,20210907192500.00,33228
VD,20210907193000.00,32971
VD,20210907193500.00,32729
VD,20210907194000.00,32463
VD,20210907194500.00,32261
VD,20210907195000.00,32111
VD,20210907195500.00,31817
VD,20210907200000.00,31535
VD,20210907200500.00,31562
VD,20210907201000.00,31769
VD,20210907201500.00,31604
VD,20210907202000.00,31366
VD,20210907202500.00,31075
VD,20210907203000.00,30701
VD,20210907203500.00,30381
VD,20210907204000.00,30095
VD,20210907204500.00,30006
VD,20210907205000.00,29891
VD,20210907205500.00,29623
VD,20210907210000.00,29315
VD,20210907210500.00,29432
VD,20210907211000.00,29243
VD,20210907211500.00,28653
VD,20210907212000.00,28341
VD,20210907212500.00,28279
VD,20210907213000.00,28041
VD,20210907213500.00,27918
VD,20210907214000.00,27763
VD,20210907214500.00,27605
VD,20210907215000.00,27436
VD,20210907215500.00,27209
VD,20210907220000.00,26988
VD,20210907220500.00,26706
VD,20210907221000.00,26440
VD,20210907221500.00,26216
VD,20210907222000.00,26087
VD,20210907222500.00,25904
VD,20210907223000.00,25669
VD,20210907223500.00,25536
VD,20210907224000.00,25364
VD,20210907224500.00,25084
VD,20210907225000.00,24834
VD,20210907225500.00,24626
VD,20210907230000.00,24422
VD,20210907230500.00,24325
VD,20210907231000.00,24211
VD,20210907231500.00,24147
VD,20210907232000.00,24119
VD,20210907232500.00,24194
VD,20210907233000.00,24100
VD,20210907233500.00,24096
VD,20210907234000.00,24019
VD,20210907234500.00,23811
VD,20210907235000.00,23640
VD,20210907235500.00,23581
VD,20210908000000.00,23472
VD,20210908000500.00,23397
VD,20210908001000.00,23380
VD,20210908001500.00,23333
VD,20210908002000.00,23268
VD,20210908002500.00,23174
VD,20210908003000.00,23058
VD,20210908003500.00,22829
VD,20210908004000.00,22832
VD,20210908004500.00,22858
VD,20210908005000.00,22818
VD,20210908005500.00,22782
VD,20210908010000.00,22754
VD,20210908010500.00,22972
VD,20210908011000.00,23123
VD,20210908011500.00,23073
VD,20210908012000.00,23129
VD,20210908012500.00,23082
VD,20210908013000.00,23046
VD,20210908013500.00,22999
VD,20210908014000.00,22938
VD,20210908014500.00,22909
VD,20210908015000.00,22814
VD,20210908015500.00,22761
VD,20210908020000.00,22626
VD,20210908020500.00,22553
VD,20210908021000.00,22733
VD,20210908021500.00,22724
VD,20210908022000.00,22684
VD,20210908022500.00,22676
VD,20210908023000.00,22676
VD,20210908023500.00,22678
VD,20210908024000.00,22671
VD,20210908024500.00,22716
VD,20210908025000.00,22676
VD,20210908025500.00,22692
VD,20210908030000.00,22690
VD,20210908030500.00,22673
VD,20210908031000.00,22658
VD,20210908031500.00,22671
VD,20210908032000.00,22718
VD,20210908032500.00,22799
VD,20210908033000.00,22778
VD,20210908033500.00,22813
VD,20210908034000.00,22818
VD,20210908034500.00,22834
VD,20210908035000.00,22840
VD,20210908035500.00,22903
VD,20210908040000.00,22878
VD,20210908040500.00,22559
VD,20210908041000.00,22539
VD,20210908041500.00,22628
VD,20210908042000.00,22729
VD,20210908042500.00,22611
VD,20210908043000.00,22678
VD,20210908043500.00,22573
VD,20210908044000.00,22640
VD,20210908044500.00,22778
VD,20210908045000.00,23047
VD,20210908045500.00,23333
VD,20210908050000.00,23548
VD,20210908050500.00,24085
VD,20210908051000.00,24460
VD,20210908051500.00,24608
VD,20210908052000.00,24836
VD,20210908052500.00,25221
VD,20210908053000.00,25562
VD,20210908053500.00,26004
VD,20210908054000.00,26472
VD,20210908054500.00,26647
VD,20210908055000.00,26796
VD,20210908055500.00,27152
VD,20210908060000.00,27505
VD,20210908060500.00,28046
VD,20210908061000.00,28479
VD,20210908061500.00,28699
VD,20210908062000.00,28856
VD,20210908062500.00,29069
VD,20210908063000.00,29318
VD,20210908063500.00,29524
VD,20210908064000.00,29683
VD,20210908064500.00,29860
VD,20210908065000.00,29948
VD,20210908065500.00,29877
VD,20210908070000.00,30085
VD,20210908070500.00,30378
VD,20210908071000.00,30616
VD,20210908071500.00,30740
VD,20210908072000.00,30711
VD,20210908072500.00,30681
VD,20210908073000.00,30618
VD,20210908073500.00,30618
VD,20210908074000.00,30576
VD,20210908074500.00,30375
VD,20210908075000.00,30325
VD,20210908075500.00,30197
VD,20210908080000.00,30196
VD,20210908080500.00,30178
VD,20210908081000.00,30280
VD,20210908081500.00,30198
VD,20210908082000.00,30301
VD,20210908082500.00,30255
VD,20210908083000.00,30151
VD,20210908083500.00,30175
VD,20210908084000.00,30080
VD,20210908084500.00,29929
VD,20210908085000.00,29970
VD,20210908085500.00,29921
VD,20210908090000.00,29886
VD,20210908090500.00,29848
VD,20210908091000.00,29800
VD,20210908091500.00,31099
VD,20210908092000.00,29263
VD,20210908092500.00,30180
VD,20210908093000.00,29997
VD,20210908093500.00,29536
VD,20210908094000.00,29414
VD,20210908094500.00,29316
VD,20210908095000.00,29305
VD,20210908095500.00,29409
VD,20210908100000.00,29550
VD,20210908100500.00,29538
VD,20210908101000.00,29563
VD,20210908101500.00,29520
VD,20210908102000.00,29519
VD,20210908102500.00,29501
VD,20210908103000.00,29464
VD,20210908103500.00,29542
VD,20210908104000.00,29388
VD,20210908104500.00,29256
VD,20210908105000.00,29297
VD,20210908105500.00,29383
VD,20210908110000.00,29449
VD,20210908110500.00,29501
VD,20210908111000.00,29533
VD,20210908111500.00,29525
VD,20210908112000.00,29480
VD,20210908112500.00,29409
VD,20210908113000.00,29393
VD,20210908113500.00,29388
VD,20210908114000.00,29370
VD,20210908114500.00,29244
VD,20210908115000.00,29268
VD,20210908115500.00,29181
VD,20210908120000.00,29136
VD,20210908120500.00,29096
VD,20210908121000.00,29089
VD,20210908121500.00,29043
VD,20210908122000.00,29076
VD,20210908122500.00,29235
VD,20210908123000.00,29228
VD,20210908123500.00,29117
VD,20210908124000.00,29019
VD,20210908124500.00,29053
VD,20210908125000.00,29067
VD,20210908125500.00,29034
VD,20210908130000.00,28997
VD,20210908130500.00,29078
VD,20210908131000.00,29064
VD,20210908131500.00,29086
VD,20210908132000.00,29037
VD,20210908132500.00,29061
VD,20210908133000.00,29111
VD,20210908133500.00,29191
VD,20210908134000.00,29270
VD,20210908134500.00,29203
VD,20210908135000.00,29301
VD,20210908135500.00,29336
VD,20210908140000.00,29315
VD,20210908140500.00,29372
VD,20210908141000.00,29291
VD,20210908141500.00,29194
VD,20210908142000.00,29233
VD,20210908142500.00,29194
VD,20210908143000.00,29281
VD,20210908143500.00,29511
VD,20210908144000.00,29695
VD,20210908144500.00,29840
VD,20210908145000.00,29950
VD,20210908145500.00,30135
VD,20210908150000.00,30210
VD,20210908150500.00,30417
VD,20210908151000.00,30751
VD,20210908151500.00,30958
VD,20210908152000.00,31067
VD,20210908152500.00,31234
VD,20210908153000.00,31401
VD,20210908153500.00,31436
VD,20210908154000.00,31586
VD,20210908154500.00,31802
VD,20210908155000.00,32088
VD,20210908155500.00,32282
VD,20210908160000.00,32471
VD,20210908160500.00,32528
VD,20210908161000.00,32620
VD,20210908161500.00,32758
VD,20210908162000.00,32984
VD,20210908162500.00,33076
VD,20210908163000.00,33118
VD,20210908163500.00,33358
VD,20210908164000.00,33299
VD,20210908164500.00,33342
VD,20210908165000.00,33365
VD,20210908165500.00,33407
VD,20210908170000.00,33663
VD,20210908170500.00,33667
VD,20210908171000.00,33613
VD,20210908171500.00,33495
VD,20210908172000.00,33380
VD,20210908172500.00,33373
VD,20210908173000.00,33396
VD,20210908173500.00,33587
VD,20210908174000.00,33673
VD,20210908174500.00,33669
VD,20210908175000.00,33661
VD,20210908175500.00,33651
VD,20210908180000.00,33627
VD,20210908180500.00,33627
VD,20210908181000.00,33546
VD,20210908181500.00,33508
VD,20210908182000.00,33534
VD,20210908182500.00,33533
VD,20210908183000.00,33526
VD,20210908183500.00,33658
VD,20210908184000.00,33698
VD,20210908184500.00,33745
VD,20210908185000.00,33735
VD,20210908185500.00,33900
VD,20210908190000.00,33893
VD,20210908190500.00,33917
VD,20210908191000.00,33776
VD,20210908191500.00,33657
VD,20210908192000.00,33555
VD,20210908192500.00,33289
VD,20210908193000.00,32964
VD,20210908193500.00,33257
VD,20210908194000.00,33213
VD,20210908194500.00,33126
VD,20210908195000.00,32823
VD,20210908195500.00,32551
VD,20210908200000.00,32189
VD,20210908200500.00,32147
VD,20210908201000.00,31996
VD,20210908201500.00,31673
VD,20210908202000.00,31344
VD,20210908202500.00,31205
VD,20210908203000.00,30833
VD,20210908203500.00,30842
VD,20210908204000.00,30788
VD,20210908204500.00,30790
VD,20210908205000.00,30712
VD,20210908205500.00,30434
VD,20210908210000.00,30238
VD,20210908210500.00,30114
VD,20210908211000.00,30036
VD,20210908211500.00,29911
VD,20210908212000.00,29730
VD,20210908212500.00,29440
VD,20210908213000.00,29294
VD,20210908213500.00,29366
VD,20210908214000.00,29273
VD,20210908214500.00,29274
VD,20210908215000.00,29353
VD,20210908215500.00,29286
VD,20210908220000.00,29013
VD,20210908220500.00,28620
VD,20210908221000.00,28305
VD,20210908221500.00,28019
VD,20210908222000.00,27823
VD,20210908222500.00,27570
VD,20210908223000.00,27411
VD,20210908223500.00,27166
VD,20210908224000.00,26913
VD,20210908224500.00,26640
VD,20210908225000.00,26466
VD,20210908225500.00,26347
VD,20210908230000.00,26258
VD,20210908230500.00,26180
VD,20210908231000.00,26063
VD,20210908231500.00,25942
VD,20210908232000.00,25795
VD,20210908232500.00,25534
VD,20210908233000.00,25320
VD,20210908233500.00,25180
VD,20210908234000.00,25055
VD,20210908234500.00,25038
VD,20210908235000.00,24976
VD,20210908235500.00,24880
VD,20210909000000.00,24770
VD,20210909000500.00,24509
VD,20210909001000.00,24474
VD,20210909001500.00,24357
VD,20210909002000.00,24242
VD,20210909002500.00,24096
VD,20210909003000.00,24016
VD,20210909003500.00,24099
VD,20210909004000.00,24103
VD,20210909004500.00,24110
VD,20210909005000.00,24072
VD,20210909005500.00,24010
VD,20210909010000.00,23940
VD,20210909010500.00,24038
VD,20210909011000.00,24003
VD,20210909011500.00,23919
VD,20210909012000.00,23996
VD,20210909012500.00,23932
VD,20210909013000.00,23920
VD,20210909013500.00,23835
VD,20210909014000.00,23851
VD,20210909014500.00,23798
VD,20210909015000.00,23657
VD,20210909015500.00,23513
VD,20210909020000.00,23473
VD,20210909020500.00,23583
VD,20210909021000.00,23638
VD,20210909021500.00,23619
VD,20210909022000.00,23605
VD,20210909022500.00,23616
VD,20210909023000.00,23622
VD,20210909023500.00,23621
VD,20210909024000.00,23612
VD,20210909024500.00,23642
VD,20210909025000.00,23578
VD,20210909025500.00,23577
VD,20210909030000.00,23547
VD,20210909030500.00,23552
VD,20210909031000.00,23499
VD,20210909031500.00,23525
VD,20210909032000.00,23580
VD,20210909032500.00,23624
VD,20210909033000.00,23595
VD,20210909033500.00,23645
VD,20210909034000.00,23685
VD,20210909034500.00,23715
VD,20210909035000.00,23684
VD,20210909035500.00,23759
VD,20210909040000.00,23807
VD,20210909040500.00,23735
VD,20210909041000.00,24057
VD,20210909041500.00,24209
VD,20210909042000.00,24278
VD,20210909042500.00,24358
VD,20210909043000.00,24393
VD,20210909043500.00,24535
VD,20210909044000.00,24733
VD,20210909044500.00,24851
VD,20210909045000.00,25010
VD,20210909045500.00,25319
VD,20210909050000.00,25566
VD,20210909050500.00,26106
VD,20210909051000.00,26574
VD,20210909051500.00,27004
VD,20210909052000.00,27145
VD,20210909052500.00,27314
VD,20210909053000.00,27528
VD,20210909053500.00,27769
VD,20210909054000.00,27894
VD,20210909054500.00,27876
VD,20210909055000.00,27958
VD,20210909055500.00,28206
VD,20210909060000.00,28457
VD,20210909060500.00,28824
VD,20210909061000.00,29375
VD,20210909061500.00,29815
VD,20210909062000.00,30003
VD,20210909062500.00,30205
VD,20210909063000.00,30400
VD,20210909063500.00,30338
VD,20210909064000.00,30533
VD,20210909064500.00,30737
VD,20210909065000.00,30749
VD,20210909065500.00,30855
VD,20210909070000.00,30965
VD,20210909070500.00,31136
VD,20210909071000.00,31286
VD,20210909071500.00,31517
VD,20210909072000.00,31544
VD,20210909072500.00,31582
VD,20210909073000.00,31571
VD,20210909073500.00,31597
VD,20210909074000.00,31461
VD,20210909074500.00,31419
VD,20210909075000.00,31486
VD,20210909075500.00,31495
VD,20210909080000.00,31672
VD,20210909080500.00,31829
VD,20210909081000.00,31840
VD,20210909081500.00,31888
VD,20210909082000.00,31894
VD,20210909082500.00,31974
VD,20210909083000.00,31889
VD,20210909083500.00,31959
VD,20210909084000.00,31883
VD,20210909084500.00,31664
VD,20210909085000.00,31575
VD,20210909085500.00,31620
VD,20210909090000.00,31515
VD,20210909090500.00,31399
VD,20210909091000.00,31408
VD,20210909091500.00,31408
VD,20210909092000.00,31386
VD,20210909092500.00,31495
VD,20210909093000.00,31595
VD,20210909093500.00,31499
VD,20210909094000.00,31322
VD,20210909094500.00,31330
VD,20210909095000.00,31382
VD,20210909095500.00,31367
VD,20210909100000.00,31317
VD,20210909100500.00,31174
VD,20210909101000.00,31128
VD,20210909101500.00,31110
VD,20210909102000.00,31147
VD,20210909102500.00,31057
VD,20210909103000.00,31130
VD,20210909103500.00,31364
VD,20210909104000.00,31318
VD,20210909104500.00,31400
VD,20210909105000.00,31386
VD,20210909105500.00,31373
VD,20210909110000.00,31346
VD,20210909110500.00,31316
VD,20210909111000.00,31317
VD,20210909111500.00,31293
VD,20210909112000.00,31292
VD,20210909112500.00,31393
VD,20210909113000.00,31330
VD,20210909113500.00,31229
VD,20210909114000.00,31241
VD,20210909114500.00,31222
VD,20210909115000.00,31151
VD,20210909115500.00,31153
VD,20210909120000.00,31155
VD,20210909120500.00,31210
VD,20210909121000.00,31301
VD,20210909121500.00,31298
VD,20210909122000.00,31165
VD,20210909122500.00,31044
VD,20210909123000.00,30843
VD,20210909123500.00,30738
VD,20210909124000.00,30597
VD,20210909124500.00,30521
VD,20210909125000.00,30496
VD,20210909125500.00,30439
VD,20210909130000.00,30452
VD,20210909130500.00,30463
VD,20210909131000.00,30440
VD,20210909131500.00,30508
VD,20210909132000.00,30478
VD,20210909132500.00,30410
VD,20210909133000.00,30270
VD,20210909133500.00,30444
VD,20210909134000.00,30474
VD,20210909134500.00,30467
VD,20210909135000.00,30469
VD,20210909135500.00,30366
VD,20210909140000.00,30252
VD,20210909140500.00,30309
VD,20210909141000.00,30129
VD,20210909141500.00,30065
VD,20210909142000.00,30156
VD,20210909142500.00,30208
VD,20210909143000.00,30262
VD,20210909143500.00,30223
VD,20210909144000.00,30392
VD,20210909144500.00,30562
VD,20210909145000.00,30737
VD,20210909145500.00,31096
VD,20210909150000.00,31379
VD,20210909150500.00,31594
VD,20210909151000.00,31693
VD,20210909151500.00,31837
VD,20210909152000.00,32072
VD,20210909152500.00,32239
VD,20210909153000.00,32292
VD,20210909153500.00,32528
VD,20210909154000.00,32643
VD,20210909154500.00,32759
VD,20210909155000.00,32870
VD,20210909155500.00,32959
VD,20210909160000.00,33130
VD,20210909160500.00,33190
VD,20210909161000.00,33182
VD,20210909161500.00,33250
VD,20210909162000.00,33408
VD,20210909162500.00,33588
VD,20210909163000.00,33699
VD,20210909163500.00,33760
VD,20210909164000.00,33732
VD,20210909164500.00,33835
VD,20210909165000.00,33940
VD,20210909165500.00,33906
VD,20210909170000.00,33871
VD,20210909170500.00,33953
VD,20210909171000.00,33892
VD,20210909171500.00,33799
VD,20210909172000.00,33840
VD,20210909172500.00,33891
VD,20210909173000.00,33839
VD,20210909173500.00,33835
VD,20210909174000.00,33830
VD,20210909174500.00,33760
VD,20210909175000.00,33695
VD,20210909175500.00,33602
VD,20210909180000.00,33533
VD,20210909180500.00,33619
VD,20210909181000.00,33661
VD,20210909181500.00,33607
VD,20210909182000.00,33593
VD,20210909182500.00,33498
VD,20210909183000.00,33495
VD,20210909183500.00,33565
VD,20210909184000.00,33623
VD,20210909184500.00,33634
VD,20210909185000.00,33733
VD,20210909185500.00,33765
VD,20210909190000.00,33585
VD,20210909190500.00,33617
VD,20210909191000.00,33548
VD,20210909191500.00,33370
VD,20210909192000.00,33183
VD,20210909192500.00,33018
VD,20210909193000.00,32861
VD,20210909193500.00,32816
VD,20210909194000.00,32697
VD,20210909194500.00,32356
VD,20210909195000.00,32167
VD,20210909195500.00,32065
VD,20210909200000.00,31900
VD,20210909200500.00,31739
VD,20210909201000.00,31590
VD,20210909201500.00,31461
VD,20210909202000.00,31420
VD,20210909202500.00,31146
VD,20210909203000.00,31067
VD,20210909203500.00,31110
VD,20210909204000.00,31080
VD,20210909204500.00,30753
VD,20210909205000.00,30603
VD,20210909205500.00,30459
VD,20210909210000.00,30299
VD,20210909210500.00,30435
VD,20210909211000.00,30259
VD,20210909211500.00,29855
VD,20210909212000.00,29594
VD,20210909212500.00,29410
VD,20210909213000.00,29102
VD,20210909213500.00,29010
VD,20210909214000.00,28863
VD,20210909214500.00,28721
VD,20210909215000.00,28587
VD,20210909215500.00,28408
VD,20210909220000.00,28142
VD,20210909220500.00,28112
VD,20210909221000.00,27973
VD,20210909221500.00,27812
VD,20210909222000.00,27595
VD,20210909222500.00,27374
VD,20210909223000.00,27067
VD,20210909223500.00,26969
VD,20210909224000.00,26908
VD,20210909224500.00,26693
VD,20210909225000.00,26437
VD,20210909225500.00,26226
VD,20210909230000.00,26121
VD,20210909230500.00,26016
VD,20210909231000.00,25900
VD,20210909231500.00,25887
VD,20210909232000.00,25695
VD,20210909232500.00,25481
VD,20210909233000.00,25160
VD,20210909233500.00,24962
VD,20210909234000.00,24879
VD,20210909234500.00,24898
VD,20210909235000.00,24848
VD,20210909235500.00,24692
VD,20210910000000.00,24530
VD,20210910000500.00,24505
VD,20210910001000.00,24466
VD,20210910001500.00,24352
VD,20210910002000.00,24233
VD,20210910002500.00,24104
VD,20210910003000.00,23821
VD,20210910003500.00,23794
VD,20210910004000.00,23992
VD,20210910004500.00,24026
VD,20210910005000.00,24004
VD,20210910005500.00,23975
VD,20210910010000.00,23928
VD,20210910010500.00,23930
VD,20210910011000.00,23873
VD,20210910011500.00,23822
VD,20210910012000.00,23746
VD,20210910012500.00,23626
VD,20210910013000.00,23408
VD,20210910013500.00,23322
VD,20210910014000.00,23439
VD,20210910014500.00,23404
VD,20210910015000.00,23381
VD,20210910015500.00,23359
VD,20210910020000.00,23276
VD,20210910020500.00,23329
VD,20210910021000.00,23284
VD,20210910021500.00,23262
VD,20210910022000.00,23274
VD,20210910022500.00,23189
VD,20210910023000.00,23006
VD,20210910023500.00,23009
VD,20210910024000.00,23125
VD,20210910024500.00,23177
VD,20210910025000.00,23175
VD,20210910025500.00,23129
VD,20210910030000.00,23137
VD,20210910030500.00,23182
VD,20210910031000.00,23247
VD,20210910031500.00,23246
VD,20210910032000.00,23243
VD,20210910032500.00,23281
VD,20210910033000.00,23311
VD,20210910033500.00,23328
VD,20210910034000.00,23374
VD,20210910034500.00,23414
VD,20210910035000.00,23422
VD,20210910035500.00,23420
VD,20210910040000.00,23453
VD,20210910040500.00,23332
VD,20210910041000.00,23416
VD,20210910041500.00,23426
VD,20210910042000.00,23528
VD,20210910042500.00,23571
VD,20210910043000.00,23678
VD,20210910043500.00,24002
VD,20210910044000.00,24193
VD,20210910044500.00,24328
VD,20210910045000.00,24483
VD,20210910045500.00,24519
VD,20210910050000.00,24963
VD,20210910050500.00,25696
VD,20210910051000.00,26193
VD,20210910051500.00,26431
VD,20210910052000.00,26684
VD,20210910052500.00,26908
VD,20210910053000.00,27124
VD,20210910053500.00,27567
VD,20210910054000.00,28011
VD,20210910054500.00,28046
VD,20210910055000.00,28344
VD,20210910055500.00,28606
VD,20210910060000.00,28518
VD,20210910060500.00,28742
VD,20210910061000.00,29115
VD,20210910061500.00,29474
VD,20210910062000.00,29852
VD,20210910062500.00,29955
VD,20210910063000.00,30013
VD,20210910063500.00,30224
VD,20210910064000.00,30365
VD,20210910064500.00,30477
VD,20210910065000.00,30621
VD,20210910065500.00,30701
VD,20210910070000.00,30703
VD,20210910070500.00,31021
VD,20210910071000.00,31239
VD,20210910071500.00,31266
VD,20210910072000.00,31251
VD,20210910072500.00,31246
VD,20210910073000.00,31272
VD,20210910073500.00,31282
VD,20210910074000.00,31298
VD,20210910074500.00,31294
VD,20210910075000.00,31422
VD,20210910075500.00,31450
VD,20210910080000.00,31433
VD,20210910080500.00,31625
VD,20210910081000.00,31750
VD,20210910081500.00,31724
VD,20210910082000.00,31871
VD,20210910082500.00,31832
VD,20210910083000.00,31703
VD,20210910083500.00,31539
VD,20210910084000.00,31531
VD,20210910084500.00,31636
VD,20210910085000.00,31664
VD,20210910085500.00,31578
VD,20210910090000.00,31438
VD,20210910090500.00,31406
VD,20210910091000.00,31354
VD,20210910091500.00,31408
VD,20210910092000.00,31327
VD,20210910092500.00,31269
VD,20210910093000.00,31227
VD,20210910093500.00,31195
VD,20210910094000.00,31174
VD,20210910094500.00,31252
VD,20210910095000.00,31251
VD,20210910095500.00,31225
VD,20210910100000.00,31237
VD,20210910100500.00,31383
VD,20210910101000.00,31472
VD,20210910101500.00,31454
VD,20210910102000.00,31478
VD,20210910102500.00,31473
VD,20210910103000.00,31419
VD,20210910103500.00,31477
VD,20210910104000.00,31415
VD,20210910104500.00,31456
VD,20210910105000.00,31469
VD,20210910105500.00,31440
VD,20210910110000.00,31563
VD,20210910110500.00,31536
VD,20210910111000.00,31473
VD,20210910111500.00,31397
VD,20210910112000.00,31325
VD,20210910112500.00,31250
VD,20210910113000.00,31233
VD,20210910113500.00,31299
VD,20210910114000.00,31382
VD,20210910114500.00,31450
VD,20210910115000.00,31427
VD,20210910115500.00,31372
VD,20210910120000.00,31417
VD,20210910120500.00,31354
VD,20210910121000.00,31241
VD,20210910121500.00,31184
VD,20210910122000.00,31070
VD,20210910122500.00,31026
VD,20210910123000.00,30832
VD,20210910123500.00,30841
VD,20210910124000.00,30723
VD,20210910124500.00,30528
VD,20210910125000.00,30510
VD,20210910125500.00,30377
VD,20210910130000.00,30348
VD,20210910130500.00,30386
VD,20210910131000.00,30397
VD,20210910131500.00,30394
VD,20210910132000.00,30463
VD,20210910132500.00,30426
VD,20210910133000.00,30383
VD,20210910133500.00,30382
VD,20210910134000.00,30409
VD,20210910134500.00,30202
VD,20210910135000.00,30126
VD,20210910135500.00,30059
VD,20210910140000.00,29987
VD,20210910140500.00,29955
VD,20210910141000.00,29948
VD,20210910141500.00,29978
VD,20210910142000.00,29952
VD,20210910142500.00,29938
VD,20210910143000.00,29919
VD,20210910143500.00,30073
VD,20210910144000.00,30190
VD,20210910144500.00,30378
VD,20210910145000.00,30493
VD,20210910145500.00,30536
VD,20210910150000.00,30631
VD,20210910150500.00,30611
VD,20210910151000.00,30700
VD,20210910151500.00,30752
VD,20210910152000.00,30910
VD,20210910152500.00,30842
VD,20210910153000.00,30822
VD,20210910153500.00,30886
VD,20210910154000.00,31009
VD,20210910154500.00,31224
VD,20210910155000.00,31498
VD,20210910155500.00,31606
VD,20210910160000.00,31762
VD,20210910160500.00,31918
VD,20210910161000.00,31971
VD,20210910161500.00,32077
VD,20210910162000.00,32215
VD,20210910162500.00,32283
VD,20210910163000.00,32256
VD,20210910163500.00,32155
VD,20210910164000.00,32201
VD,20210910164500.00,32349
VD,20210910165000.00,32390
VD,20210910165500.00,32387
VD,20210910170000.00,32465
VD,20210910170500.00,32575
VD,20210910171000.00,32590
VD,20210910171500.00,32626
VD,20210910172000.00,32686
VD,20210910172500.00,32556
VD,20210910173000.00,32517
VD,20210910173500.00,32494
VD,20210910174000.00,32406
VD,20210910174500.00,32420
VD,20210910175000.00,32383
VD,20210910175500.00,32344
VD,20210910180000.00,32378
VD,20210910180500.00,32406
VD,20210910181000.00,32385
VD,20210910181500.00,32345
VD,20210910182000.00,32297
VD,20210910182500.00,32312
VD,20210910183000.00,32335
VD,20210910183500.00,32482
VD,20210910184000.00,32445
VD,20210910184500.00,32504
VD,20210910185000.00,32552
VD,20210910185500.00,32529
VD,20210910190000.00,32415
VD,20210910190500.00,32258
VD,20210910191000.00,32117
VD,20210910191500.00,32062
VD,20210910192000.00,31850
VD,20210910192500.00,31482
VD,20210910193000.00,31235
VD,20210910193500.00,31234
VD,20210910194000.00,31086
VD,20210910194500.00,30996
VD,20210910195000.00,31006
VD,20210910195500.00,30978
VD,20210910200000.00,30630
VD,20210910200500.00,30467
VD,20210910201000.00,30400
VD,20210910201500.00,30235
VD,20210910202000.00,30112
VD,20210910202500.00,29966
VD,20210910203000.00,29730
VD,20210910203500.00,29586
VD,20210910204000.00,29289
VD,20210910204500.00,29115
VD,20210910205000.00,29054
VD,20210910205500.00,28886
VD,20210910210000.00,28611
VD,20210910210500.00,28363
VD,20210910211000.00,28295
VD,20210910211500.00,28149
VD,20210910212000.00,27945
VD,20210910212500.00,27756
VD,20210910213000.00,27458
VD,20210910213500.00,27302
VD,20210910214000.00,27148
VD,20210910214500.00,26980
VD,20210910215000.00,26709
VD,20210910215500.00,26481
VD,20210910220000.00,26281
VD,20210910220500.00,26136
VD,20210910221000.00,25972
VD,20210910221500.00,25726
VD,20210910222000.00,25455
VD,20210910222500.00,25204
VD,20210910223000.00,24944
VD,20210910223500.00,24693
VD,20210910224000.00,24538
VD,20210910224500.00,24355
VD,20210910225000.00,24077
VD,20210910225500.00,23808
VD,20210910230000.00,23681
VD,20210910230500.00,23449
VD,20210910231000.00,23277
VD,20210910231500.00,23067
VD,20210910232000.00,22966
VD,20210910232500.00,22828
VD,20210910233000.00,22756
VD,20210910233500.00,22817
VD,20210910234000.00,22769
VD,20210910234500.00,22679
VD,20210910235000.00,22722
VD,20210910235500.00,22753
